_id,id,label,document,entailment,contradiction,neutral
0,390,5,黑龙江黑河“100多人带着病毒回来了”,“100多人带着病毒回来了”发生在黑龙江黑河,黑龙江黑河没有“100多人带着病毒回来了”,重走抗联路!吉林省委党史研究室率专家一行实地踏查老黑河
1,241,7,钟南山预测“5月疫情将全面爆发”,“5月疫情将全面爆发”被钟南山预测,钟南山没有预测“5月疫情将全面爆发”,八旬妻子球场上边投篮边等钟南山回家
2,867,7,病毒会漂浮在空气中形成“病毒云”,“病毒云”是由漂浮在空气中的病毒形成,病毒不会漂浮在空气中形成“病毒云”,米兰官方:皮奥利新冠病毒检测呈阳性
3,64,7,北京五棵松华熙“沦陷”,“沦陷”发生在北京五棵松华熙,北京五棵松华熙没有“沦陷”,11月北京哪里的房子有潜力?看海淀五棵松房价走势
4,209,4,“五一”离开温州回来需自费做核酸检测,“五一”离开温州回来需自己出钱做核酸检测,“五一”离开温州回来不需要自费做核酸检测,浙江温州皮革厂倒闭了
5,722,7,长颈鹿充气服公鸡服……“硬核防护服”真有用,“硬核防护服”真有用长颈鹿充气服公鸡服,长颈鹿充气服公鸡服……“硬核防护服”真没用,"长颈鹿交配时一方会先喝尿?这是独特的爱好,还是另有原因!"
6,962,8,美 14 万流感死者或部分死于新冠,14 万流感死者或部分死于新冠在美国,美 14 万流感死者或没有死于新冠,云南省疾控中心提醒:防范流感需及时接种疫苗
7,1013,3,15 秒未戴口罩接触病患被感染,15 秒未戴口罩接触病患有被感染的风险,15 秒未戴口罩接触病患不会被感染,疫情期间不戴口罩很不安全
8,21,6,宁波高新区新增1例确诊病例,1例确诊病例在宁波高新区新增,宁波高新区没有新增1例确诊病例,"宁波70后富豪香港被砍,神秘发家史成谜"
9,42,7,广西一酒店接待北京客人致20多人发烧被隔离,20多人发烧被隔离由于广西一酒店接待北京客人,广西一酒店接待北京客人并没有致20多人发烧被隔离,天气将迎转折!@广西人 降雨订单即将到货 请注意签收
10,452,5,25日起非香港居民乘飞机抵港将不准入境,25日起乘飞机抵港的非香港居民将不准入境,25日起非香港居民乘飞机抵港将可以入境。,非香港居民不准在香港购房
11,313,2,山东烟台某医院新确诊27例,27例病例在山东烟台某医院确诊。,山东烟台某医院没有确诊27例病例。,山东烟台某医院出现新增新冠肺炎确诊患者。
12,526,8,北京3月16日出行正常化24日全面复工,3月16日出行正常化24日全面复工发生在北京,北京3月16日出行正常化24日并不全面复工,特别关注-北京]德国中学自制通风设备 可媲美高端空气过滤器
13,624,8,3月2日后新疆分三类地区实施管控,3月2日后管控将被分三类地区实施在新疆,3月2日后新疆不会分三类地区实施管控,中国新疆告别千年贫困
14,690,6,北京市大中小学3月初开学,3月初开学发生在北京市大中小学,北京市大中小学3月初不开学,北京冬奥会官方赞助商已达37家
15,380,6,河北学校定于4月10日开学,4月10日河北学校开学,河北学校没有定于4月10日开学,"河北省的3个县,卡在北京和天津之间,为何成为了飞地?"
16,326,7,牡丹江4月13日起全市封城,4月13日起牡丹江全市封城,牡丹江4月13日起不会全市封城,牡丹江市疾病预防控制中心发布紧急疫情风险提示
17,306,5,陕西高速公路4月15日起恢复收费,4月15号起恢复收费的高速公路有陕西高速公路,陕西高速公路4月15号起不会恢复收费,陕西高速公路上发生事故
18,353,8,4月8日起从26国乘机回国的中国籍旅客需提前填报防疫健康信息,4月8日起从26国乘机回国的中国籍旅客的防疫健康信息需要被提前填报,4月8日起从26国乘机回国的中国籍旅客不需提前填报防疫健康信息,“振华7号”中国籍船员遭海盗袭击受伤 意大利护卫舰实施援助
19,403,7,重庆观音桥新增6名确诊病例娱乐场所将全部关闭,6名确诊病例在重庆观音桥新增娱乐场所将全部关闭,重庆观音桥没有新增6名确诊病例娱乐场所将全部打开,"三溪镇观音桥村:农旅融合“院”为媒,乡村振兴辟蹊径"
20,371,2,6月份大学英语四六级考试取消,6月份大学英语四六级考试被取消了,6月份大学英语，四六级考试没有被取消,四六级考试难度变化
21,585,8,买回家的蔬菜必须用75%的酒精消毒,75%的酒精需被用于消毒买回家的蔬菜,买回家的蔬菜必须不要用75%的酒精消毒,"翻车后被带去测酒精,醉酒男子辱骂殴打交警"
22,72,6,北京市教委发布7条校园“新规”上课全程戴口罩,7条校园“新规”上课全程戴口罩被北京市教委发布,北京市教委没有发布7条校园“新规”上课全程戴口罩,北京市教委:民办非学历学校禁单独称“大学”
23,957,6,十三名男女生感染 sk5 病毒,sk5 病毒被十三名男女生感染,没有十三名男女生感染 sk5 病毒,"研究2000份学生样本后,他们发现了男女生学数学的秘密"
24,137,4,安徽六安第二人民医院确诊一例,安徽六安第二人民医院确诊一例,安徽六安第二人民医院没有确诊病历,来自安徽的李伟同学在双十一过后找到了女朋友
25,1100,8,北京公交线路营运安排调整,安排调整发生在北京公交线路,北京公交线路营运安排没有调整,"中科院领导班子有调整,于英杰任党组成员"
26,1072,3,吃板蓝根可以预防新冠病毒,板蓝根可以预防新冠病毒,板蓝根不可以预防新冠病毒,板蓝根可在药房购买
27,10,7,五台山不接待北京河北等地游客,北京河北等地游客不被五台山接待,五台山接待北京河北等地游客,"陕西也有五台山,一座古迹遍地一座修行圣地,都值得前去欣赏"
28,34,8,钟南山来北京了,北京来了钟南山,钟南山没来北京,"钟南山爱情上热搜,看哭亿万人:“你等我八年,我等你一生!”"
29,67,3,北京断粮了,北京市断粮了,北京没有断粮,北京市中国的首都
30,695,4,北京西城区政府“停摆”,北京西城区政府停止运转,北京西城区政府没有停止运转,北京是中国的首都
31,1119,6,钟南山院士被传染,被传染的人有钟南山院士,钟南山院士没有被传染,"“再感染是可能的 但并非普遍现象”,钟南山最新研判来了!"
32,386,6,清明出京返回必须居家隔离14天,必须居家隔离14天如果,清明出京返回并不必须居家隔离14天,老人撕出11米清明上河图 以手代剪耗时10个月
33,269,8,天津开学时间又变了,变化发生在天津开学时间,天津开学时间又没变,"民俗| 今天这个节,天津人可以这样过!"
34,535,3,丙种球蛋白能预防新冠肺炎,丙种球蛋白能预防新冠肺炎,丙种球蛋白不能预防新冠肺炎,丙种球蛋白和新冠肺炎的内容可以通过搜索引擎查询具体内容
35,884,4,降雪会抑制病毒传播,病毒传播可以通过降雪抑制,病毒传播不可以通过降雪抑制,降雪可以抑制虫害
36,1112,2,香油滴鼻孔可防病毒传播,病毒的传播可以通过香油滴鼻来预防。,香油滴鼻孔不可以预防病毒的传播。,泰国的香油很好闻
37,844,3,常用的消毒剂也可以有效灭活病毒!,病毒可被常用消毒剂灭活,常用的消毒剂也不可以有效灭活病毒!,可以在超市购买常用消毒剂
38,1065,1,家里的宠物会传播病毒,病毒可能会通过家里的宠物传播,家里的宠物不会传播病毒,家里的宠物可以给人们带来快乐
39,1017,5,下雪可以杀死病毒,病毒可以被下雪杀死,下雪不可以杀死病毒,"拉尼娜出现反弹?持续到冬季的概率大大增加,我国南方会下雪吗?"
40,1055,1,喷嚏一打几米远病毒可悬浮24小时,病毒可以通过打喷嚏在空气中悬浮24小时。,喷嚏一打几米远，不会使病毒在空气中悬浮24小时。,打喷嚏是很正常的情况。
41,730,1,空气净化器能过滤掉病毒,病毒可以通过空气净化器被滤掉,空气净化器不能滤掉病毒。,空气净化器可以改善空气质量
42,1018,1,沐舒坦可以防止新冠肺炎,病毒可以通过沐舒坦来预防。,新冠病毒不可以通过沐舒坦来预防。,木舒坦在药房的销量很高。
43,926,1,万金油抗生素可以预防病毒,病毒可以通过万金油抗生素来预防,万金油抗生素不可以预防病毒。,万金油抗生素可在药店购买
44,445,8,新冠肺炎病亡患者体内仍存病毒,病毒仍存于新冠肺炎病亡患者体内,新冠肺炎病亡患者体内没有仍存病毒,"【警惕】知名演员患癌去世!这种病死亡率很高,占恶性肿瘤之首"
45,434,2,武汉市政府不再对新冠肺炎病人免费治疗,病人不会在武汉市接受针对新冠病毒的免费治疗。,武汉政府仍对新冠病肺炎患者进行免费治疗。,武汉市交通出行方便。
46,885,4,不戴口罩驾车被扣6分,不戴口罩驾车被扣6分,不戴口罩驾车不会被扣分,驾车不能超速行驶
47,282,4,成都市成华区有新冠确诊病例偷跑回家跳楼,成都市成华区出现新冠确诊病例跑回家跳楼,成都市成华区有新冠确诊病例偷跑回家,小明偷跑回家跳舞
48,1097,3,吃大蒜、喝大蒜水可以杀灭新冠吗,吃大蒜、喝大蒜水可以杀灭新冠,吃大蒜、喝大蒜水并不可以杀灭新冠吗,大蒜水可以有效驱赶蚊虫
49,986,1,千万别出门玩雪会感染新冠病毒,出门玩雪会感染新冠病毒,出门玩雪不会感染新冠病毒,出门玩雪可以搭可爱的雪人
50,842,2,出门必须戴手套,出门有戴手套的必要。,出门不用戴手套。,冬天我们可以通过戴手套来保暖。
51,30,5,北京丰台一小区断粮,出现断粮事件在北京丰台一小区,北京丰台小区没有断粮,北京大兴机场综合服务保障楼正式启用
52,393,6,上海发生穿防疫服入室打劫事件,穿防疫服入室打劫事件发生在上海,上海没有发生穿防疫服入室打劫事件,三合社区为居民穿好“防疫服”
53,713,5,特定条件下存在气溶胶传播可能,存在气溶胶传播可能在特定条件下,特定条件下不存在气溶胶传播可能,"英国新研究:冲马桶时产生的气溶胶,可以污染1.8米外的物体表面"
54,590,6,济南市2月10日晚上12点大面积消杀消毒,大面积消毒发生在济南市2月10日晚上12点,济南市2月10日晚上12点没有大面积消杀消毒,济南市发布重污染天气橙色预警 14日8时将启动Ⅱ级应急响应
55,874,3,带呼吸阀的口罩没有防护效果,带呼吸阀的口罩没有防护效果,带呼吸阀的口罩有防护效果,口罩有预防效果
56,301,8,政府发口罩费微信可领取到6月30日,到6月30日微信可领取政府发口罩费,政府发口罩费微信不可领取到6月30日,安远镇岗乡:口罩免费发 干群是一家
57,73,9,钟南山说第二个疫情高峰要来,第二个疫情高峰钟南山说要来,钟南山说第二个疫情高峰不会来,《化妆品监督管理条例》政策宣贯高峰论坛在沪召开
58,1033,3,丁香医生说童子尿可预防新冠病毒,丁香医生说童子尿有预防新冠病毒的作用,丁香医生没说过童子尿可预防新冠病毒,童子尿可以用来煲汤
59,388,4,东京将于4月2日封城,东京将于4月2日封城,东京将不会在四月封城,MIT的脑科学家回日本东京了
60,83,9,新冠病毒不会倏然而去冬秋季节要存戒惧之心,冬秋季节要存戒惧之心由于新冠病毒不会倏然而去,新冠病毒会倏然而去冬秋季节不要存戒惧之心,阳曲县组织召开寒衣节祭扫暨秋冬季护林防火工作电视电话会议
61,1146,5,武汉将断网,断网将发生在武汉,武汉不会断网,全国前十医院武汉新增一家
62,103,1,刮风下雨对新冠病毒传播有加速作用,对新冠病毒传播起加速作用的是刮风下雨,刮风下雨对新冠病毒的传播不起到加速作用。,下雨是我不喜欢的天气。
63,525,4,多地延长供暖不另收费,多地延长供暖不另收费,多地延长供暖另收费,东北有供暖系统
64,910,1,多地要求乘公交验身份证,多地要求乘公交验身份证。,多地不要求乘公交验身份证,乘公交需要刷交通卡。
65,97,8,常州溧阳一小学多名学生发热,多名学生发热发生在常州溧阳一小学,常州溧阳一小学无多名学生发热,常州首家!溧阳消费维权进高校!
66,74,8,北京养老服务机构恢复执行二级疫情防控标准,二级疫情防控标准在北京养老服务机构恢复执行,北京养老服务机构没有恢复执行二级疫情防控标准,"冷空气来袭!父母开启“候鸟式养老”,网友们不淡定了"
67,917,9,深圳龙华医院集装箱隔离发热病人2010例,发热病人2010例在深圳龙华医院集装箱隔离,深圳龙华医院集装箱没有隔离发热病人2010例,微软:上海龙华医院选用 Surface Pro 7 作为日常办公机型
68,916,3,返程了上海火车站人山人海,返程了上海火车站人山人海,春节了上海火车站人山人海,上海火车站凌晨人很少
69,906,1,离开成都再回来需要隔离14天,返回成都需要经过14天的隔离。,离开成都再回来，不需要14天的隔离,成都的火锅很辣很辣很辣。
70,943,2,中国向菲律宾捐赠20万只口罩,菲律宾收到中国捐赠的20万只口罩,菲律宾向中国捐赠了20万只口罩。,可以预防新冠病毒的传播。
71,971,5,新冠肺炎病人的肺部损伤不可逆,肺部损伤不可逆对于新冠肺炎病人,新冠肺炎病人的肺部损伤可逆,"脸上若有这4种“迹象”,或是肺受损的“信号”,若有要注意养护了"
72,1145,6,杭州为控制疫情将封城,封城将被采取用于控制疫情在杭州,杭州为控制疫情不会封城,"杭州楼市动向:投资客注意,大江东的房价配不上它的规划"
73,419,4,福州软件园有境外人员回国后确诊,福州软件园有境外人员在回国后确诊被感染,福州软件园有境内人员回国后确诊,境内境外人员都有被确诊感染
74,506,8,每天用肥皂洗鼻窦可以降低感染肺炎风险,感染肺炎风险可以每天用肥皂洗鼻窦来降低,每天用肥皂洗鼻窦不可以降低感染肺炎风险,"梅西今天赛前再次身体不适干呕,可能因慢性鼻窦炎引起"
75,953,9,服用降压药会增加感染新冠病毒的风险,感染新冠病毒的风险会被增加如果服用降压药,服用降压药不会增加感染新冠病毒的风险,"专家提醒:各种降压药副作用,建议转发"
76,267,1,新冠肺炎确诊患者乘坐火车来了赣州,赣州有通过从坐火车前来的新冠肺炎确诊患者,新冠肺炎确诊患者没有乘坐火车来到赣州。,乘坐火车去赣州需要多少钱
77,70,7,交通运输部高风险地区地铁满载率应低于50%,高风险地区地铁满载率应低于50%据交通运输部宣称,交通运输部高风险地区地铁满载率应高于50%,北京公交将恢复正常 满载率上调至100%
78,61,2,进京高速因疫情影响封路,高速因受疫情影响而封路。,进京高速没有因疫情影响封路。,进京高速真的很快。
79,286,7,疫情期间减免企业社保费会影响个人社保缴费连续记录,个人社保缴费连续记录会被疫情期间减免企业社保费影响,疫情期间减免企业社保费不会影响个人社保缴费连续记录,事关你的钱袋子!这些地方社保有大变化 有何影响?
80,751,2,古田一确诊患者从医院逃跑,古田一确认患者从医院中逃跑。,古田没有确认患者从医院逃跑,上海新增确认患者一名。
81,332,4,广州市两名外籍人员带病逃脱,广州市两名外籍人员带病逃脱,广州市两名外籍人员带病逃脱是假新闻,广州的双皮奶真好吃
82,748,4,贵阳今明几天全城大消杀,贵阳今明几天全城大消杀,贵阳今明几天全城大消杀是假消息,贵阳大消杀的的消息在网上可以查到
83,367,7,国家卫健委全国绝大部分地区健康通行码已可实现“一码通行”,国家卫健委健康通行码已可实现“一码通行”已在全国绝大部分地区实现,国家卫健委全国绝大部分地区健康通行码不可实现“一码通行”,跨域互认!浙江健康码全省“一码通行”!
84,35,8,国家卫生健康委疾控局中高风险地区的高考考生要全程佩戴口罩,国家卫生健康委疾控局口罩要全程被中高风险地区的高考考生佩戴,国家卫生健康委疾控局中高风险地区的高考考生不要全程佩戴口罩,确认!疫情中高风险地区已增至9个
85,620,1,哈尔滨封城了,哈尔滨封城了，外来车辆不允许进入。,哈尔滨没有封城。,冬天哈尔滨的冰雕展很漂亮
86,588,7,名字里带氯的消毒剂就是含氯消毒剂,含氯消毒剂就是名字里带氯的消毒剂,名字里带氯的消毒剂就不是含氯消毒剂,土壤改良杀菌消毒剂 二氧化氯消毒剂
87,1136,8,将有6万武汉人员来杭,杭将有6万武汉人员来,将不会有6万武汉人员来杭,今起杭图借书浙图可还!明年全省实现通借通还服务
88,52,4,河北文安一菜市场出现夫妻新冠肺炎已隔离,河北文安有一菜市场出现夫妻新冠肺炎已被隔离,河北文安一菜市场未出现夫妻新冠肺炎,菜市场买菜
89,422,5,宁波姜山镇一外来务工人员核酸检测阳性镇海区出现确诊病例,核酸检测阳性发生在宁波姜山镇一外来务工人员镇海区出现确诊病例,宁波姜山镇一外来务工人员核酸检测没有阳性镇海区出现确诊病例,核酸检测是查找患者的呼吸道标本
90,516,3,菏泽一中即将分批开学,菏泽一中即将分批开学,菏泽一中不会分批开学,疫情期间大部分中小学会分批开学
91,938,3,燃放烟花能遏制呼吸道疾病的流行,呼吸道疾病的抑制可以通过燃放烟花爆竹来实现,燃放烟花不能遏制呼吸道疾病的流行,过年期间外环内禁止燃放烟花爆竹
92,351,5,湖北发布最新疫情风险等级评估 武汉13个城区中12个为低风险,湖北发布最新疫情风险等级评估 低风险的城区在武汉13个城区中有12个,湖北没有发布最新疫情风险等级评估 武汉13个城区中12个为低风险,“双11”湖北购买力稳居全国前十
93,100,6,北京解除湖北人员进京限制,湖北人员进京限制被北京解除,北京没有解除湖北人员进京限制,部分有编、专业不限!湖北这些单位招人
94,463,2,湖北省民航航班要恢复了,湖北省银行航班可能要恢复了。,湖北省民航航班不会恢复。,民航航班可以飞国内航线。
95,941,6,武汉华南海鲜市场老板是湖北省政协副主席儿媳,湖北省政协副主席儿媳是武汉华南海鲜市场老板,武汉华南海鲜市场老板不是湖北省政协副主席儿媳,华南百色盆地手斧人群原料选择策略明显
96,796,8,湖北仙桃有人以“批条物资”名义贩卖口罩,湖北仙桃口罩被有人以“批条物资”名义贩卖,湖北仙桃没有人以“批条物资”名义贩卖口罩,"渔网VS法网,仙桃一夫妇非法捕捞被刑事处罚"
97,858,9,出门要佩戴护目镜,护目镜要在出门时佩戴,出门不要佩戴护目镜,上港申花安全抵达多哈 护目镜+防护服全副武装
98,593,1,疫情期间广东推行环境违法容错纠错机制,环境违法内容纠错机制，在疫情期间在广东推行。,环境违法，容错纠错机制没有在广东推行。,环境违法容错纠错机制效果如何
99,482,7,重庆渝中因出现输入性病例恢复一级响应,恢复一级响应由于输入性病例出现在重庆渝中,重庆渝中并没有因出现输入性病例恢复一级响应,与文化同行|周末来渝中看展 和温暖阳光更配哦
100,285,8,北京爬山收到河北短信回家后被隔离,回家后被隔离由于北京爬山收到河北,北京爬山收到河北短信回家后没有被隔离,"北京的“天然景点”,距天安门33公里,人称“京城绿肺”"
101,744,3,火神山医院一夜被吹走,火神山医院一夜之间被风被吹走,火神山医院没被吹走,火神山医院建设完毕
102,131,5,大连紧急排查吉林来普王某,吉林来普王某被大连紧急排查,大连没有紧急排查吉林来普王某,大连宽大房车 福特K7 C型房车
103,919,6,自来水采用上限标准加氯消毒用水时至少静置两小时,加氯消毒用水时至少静置两小时当自来水采用上限标准,自来水没有采用上限标准加氯消毒用水时至少静置两小时,"不用水,表也转,“被用水”让居民很抓狂"
104,776,5,重庆部分区县加油站限量供应,加油站限量供应出现在重庆部分区县,重庆部分区县加油站无限量供应,"今天早上8点,2020重庆马拉松激情开跑"
105,3,1,市民路过中高风险地区健康码会变色,健康码会因为市民路过中高风险地区而变色,市民路过中高风险地区健康码不会变色,现在进学校都需要看健康码的颜色。
106,818,2,社区共用体温计有风险或有交叉感染！,交叉感染可能会通过社区共用体温计发生。,社区共用体温计，没有交叉感染的风险。,社区共用体温计给社区中的人带来便利。
107,627,5,江西九江长江一桥解除封闭,解除封闭发生在江西九江长江一桥,江西九江长江一桥没有解除封闭,九江区域航运中心建设扬帆远航
108,513,5,进沪前14天内有过这8个国家旅行或居住史一律隔离14天,进沪前14天内一律隔离14天的人包括有过这8个国家旅行或居住史的人,进沪前14天内有过这8个国家旅行或居住史一律不隔离14天,南非向国际旅行者全面开放国境
109,678,6,网传牛蛙列入禁食名录,禁食名录中新增牛蛙,网传牛蛙没有列入禁食名录,广东中山——牛蛙爱好者N刷刷的地方
110,264,7,宝鸡暂停酒店婚庆等行业统一整改,酒店婚庆等行业被暂停统一整改在宝鸡,宝鸡没有暂停酒店婚庆等行业统一整改,"宝鸡“窑洞工厂”里,有一段鲜为人知的抗战工业内迁史"
111,677,9,北京金融街某通讯公司大楼发生聚集性感染,聚集性感染发生在北京金融街某通讯公司大楼,北京金融街某通讯公司大楼没有发生聚集性感染,"套用学生信息,办手机卡转卖给诈骗分子!通信公司6名业务员被抓"
112,543,8,河南新乡发布开学通知,开学通知在河南新乡发布,河南新乡没有发布开学通知,河南省教育厅回应筹建“中原航空航天大学”建议:将充分考虑
113,334,8,太原市各小学幼儿园本学期不做开学准备,开学准备不被做在太原市各小学幼儿园本学期,太原市各小学幼儿园本学期做开学准备,太原市尖草坪区发生2.9级地震!部分地区有震感
114,698,5,病毒在头发上滞留的可能性非常低,可能性非常低对于病毒在头发上滞留来说,病毒在头发上滞留的可能性非常高,"健康头条|输了大选的特朗普,“愁得头发都白了”?"
115,889,1,电吹风对手部和面部吹30秒能消毒,可以通过电吹风对手部和面部吹30秒，以达到消毒目的。,电吹风对手部和面部吹30秒，不能够起到消毒作用。,电吹风可以吹干头发。
116,69,3,通过停车场汽车数量推断疫情发生时间,可以通过停车场汽车数量推断疫情发生时间,不太可能通过停车场汽车数量推断疫情发生时间,停车场用来停车
117,1089,5,买不到口罩可以自制,可以自制口罩如果买不到,买不到口罩也不能自制,唯品会欲解雇收受供应商8杯咖啡2盒口罩的员工
118,394,5,冠状病毒病通过空气传播,空气传播可以传播冠状病毒,冠状病毒病不能通过空气传播,襄阳市新型冠状病毒感染肺炎疫情防控指挥部办公室
119,692,5,微信钱包能领取口罩补贴,口罩补贴能在微信钱包被领取,微信钱包不能领取口罩补贴,微信支付以绑定银行卡的快捷支付为基础，向用户提供安全、快捷、高效的支付服务。
120,837,2,通过防水与否鉴别口罩的真假,口罩的真假可以通过是否防水来鉴别,通过防水衣服不能鉴别口罩的真假。, Airpods Pro有一定的防水能力
121,589,2,口罩越厚防病毒效果越好,口罩防病毒的效果会因为厚度而增加。,口罩越厚防病毒效果不一定越好。,三层厚口罩热销中
122,790,6,“14天隔离法”能实现口罩循环使用,口罩循环使用能被实现如果“14天隔离法”,“14天隔离法”不能实现口罩循环使用,科技大佬将女士内衣当口罩带:不会造成二氧化碳循环入体
123,218,9,柳州一中学发现疫情不报口罩发少了,口罩由于柳州一中学发现疫情不报发少了,柳州一中学没有发现疫情不报口罩发少了,"阿汤哥黑西装显腿长,脸被口罩遮一大半,网友:口罩戴成防毒面具"
124,4,6,上海30天内禁止跨省旅游团,跨省旅游团在上海30天内被禁止,上海30天内不禁止跨省旅游团,山东加入门诊跨省联网直接结算国家试点
125,835,4,快递会传染病毒,快递是传染病毒的途径,快递盒不会传染病毒,快递盒里装快递
126,198,4,狂风暴雪会加速病毒传播,狂风暴雪会加速病毒传播,狂风暴雪不会加速病毒传播,狂风暴雪是个成语
127,1052,3,武汉来的快递要拒收,来自武汉的快递要拒收,武汉来的快递拒收是极端做法,来自武汉的快递应该需要做好消毒
128,1123,3,病毒感染的都是老年人,老年人容易被病毒感染,病毒感染的不都是老年人,老年人的社区活动增加了
129,928,6,成都大邑两名高度疑似感染者私自离院不知去向,两名高度疑似感染者私自离院不知去向发生在成都大邑,成都大邑没有两名高度疑似感染者私自离院不知去向,努力向上的成都 被世界看见了
130,417,4,辽宁省中小学和高校开学日期定了,辽宁省中小学和高校开学日期定了,辽宁省中小学和高校开学日期没有确定,中小学是教育的重点
131,780,7,福州市中医院领导及接诊的医生与护士要被隔离了,领导及接诊的医生与护士在福州市中医院要被隔离了,福州市中医院领导及接诊的医生与护士没有要被隔离了,西马领物将于11月5日正式开启!
132,329,6,疫情防控期间旅游景区只开放室外区域,旅游景区只开放室外区域在疫情防控期间,疫情防控期间旅游景区不只开放室外区域,云南独龙江旅游景区恢复开放 每日限预约200人
133,458,7,5月1日后全面恢复马拉松,马拉松于5月1日后全面恢复,5月1日后不会全面恢复马拉松,飒!2020重庆马拉松赛男女冠军都来自重庆
134,1133,3,没感冒时口罩反着戴,没感冒时口罩需要反着戴,没感冒时口罩没必要反着戴,感冒时需要戴口罩
135,1144,7,SARS是美国的生物战,美国的生物战是SARS,SARS不是美国的生物战,2003年 SARS危机考问中国
136,175,6,中国黑客试图窃取美新冠疫苗成果,美新冠疫苗成果被中国黑客试图窃取,没有中国黑客试图窃取美新冠疫苗成果,微软:朝俄黑客攻击多国疫苗公司 朝鲜黑客伪装成世卫代表
137,877,4,免洗洗手液能够取代流水冲洗,免洗洗手液能够取代流水冲洗,免洗洗手液是不能够取代流水冲洗,烧伤后应该用流水冲洗
138,308,8,新冠病毒会通过母婴垂直传播,母婴会垂直传播新冠病毒,新冠病毒不会通过母婴垂直传播,"五大场景,揭开母婴品牌一站式增长的关键"
139,443,4,纳豆能预防新冠肺炎,纳豆有预防新冠肺炎的作用,纳豆不能预防新冠肺炎,纳豆是能食用的
140,905,9,宁波2月6日起封城外地户籍人员不准下高速,宁波2月6日起高速不准被外地户籍人员下,宁波2月6日起封城外地户籍人员可以下高速,引入地铁6号线、新建高铁西站!宁波栎社机场未来新规划出炉
141,969,4,牛蛙被列入禁食名单,牛蛙被列入禁食名单,牛蛙未被列入禁食名单,李伟喜欢吃牛蛙
142,1053,3,喷嚏一打几米远病毒可悬浮一天,喷嚏一打几米远病毒可在空气中悬浮一天,喷嚏一打几米远病毒不能悬浮一天,人们打喷嚏会打出几米远
143,711,3,齐齐哈尔集中关闭社区仓买超市,齐齐哈尔集中关闭社区仓买超市,齐齐哈尔集中开放社区仓买超市,齐齐哈尔在东三省
144,717,9,湖南株洲市强行缴费集中隔离,强行缴费集中隔离发生在湖南株洲市,湖南株洲市没有强行缴费集中隔离,拼球技 促友谊 株洲市一中举行篮球联谊赛
145,425,2,秦皇岛市交建里小区5栋被封,秦皇岛交建里有5栋楼被封。,秦皇岛交建里小区没有楼被封。,秦皇岛交建里小区楼价可能会暴涨。
146,914,7,酒精84消毒液到底怎么用这份使用指南请收好,请收好酒精84消毒液到底怎么用这份使用指南,酒精84消毒液到底怎么用这份使用指南请不要收好,【防艾知识】艾滋病患者家庭的常备消毒液清单!
147,221,6,辽源市排查去过中心医院的人员,去过中心医院的人员在被辽源市排查,辽源市没有排查去过中心医院的人员,“嘉善中心”它来了!
148,169,5,武汉对全体市民进行核酸检测,全体市民在武汉进行核酸检测,武汉没有对全体市民进行核酸检测,"第三届健博会明年4月8日开幕,纪念武汉“重启”一周年"
149,142,5,跑沈阳线路的大连列车员没有确诊接触600人,确诊的跑沈阳线路的大连列车员接触600人,确诊的跑沈阳线路的大连列车员没有接触600人,沈阳市机关事务管理局构建机关事务“一张网”体系
150,600,2,疫情期间可通过大强度的锻炼来提高抵抗力,人们可以在疫情期间，通过大强度的体育锻炼来提高个人抵抗力。,疫情期间不需要通过大强度的训练来提高抵抗力。,大强度的锻炼，可能会带来一定损伤
151,402,6,我国粮食供求总体宽松能满足人民群众日常消费需求,人民群众日常消费需求能满足由于我国粮食供求总体宽松,我国粮食供求总体宽松不能满足人民群众日常消费需求,"如果你控制了粮食,你就控制了全人类,在粮食面前,石油算啥?"
152,1154,6,北京三百多人死亡,三百多人死亡发生在北京,北京三百多人没有死亡,"河北省北部的11个县,6年时间内,为何被划入了北京市?"
153,775,6,郑州市发布“紧急通知”三人同行被查,三人同行被查由于郑州市发布“紧急通知”,郑州市没有发布“紧急通知”三人同行被查,多地教育部门就疫情防控发紧急通知:师生原则上不能离开当地
154,561,3,安徽黄山3月6日开学,三月六日安徽黄山开学,安徽黄山三月六日不开学,安徽黄山的风景很好
155,983,2,银离子抗菌液能杀灭新冠病毒,杀灭新冠病毒可以通过银离子抗菌液。,银离子抗菌液不能杀灭新冠病毒。,抗菌液可以在超市购买。
156,230,4,山东初中毕业年级开学时间确定,山东初中毕业年级开学时间已经确定,山东初中毕业年级开学时间未经确定,9月1日开学啦
157,115,7,全国高等学校外语专业四八级考试上半年不再举行,上半年不再举行全国高等学校外语专业四八级考试,全国高等学校外语专业四八级考试上半年将举行,最新全国医院排行榜发布!广东有九家入围百强
158,191,4,上半年全国高等教育自学考试延期至8月举行,上半年全国高等教育自学考试延期至8月举行,下半年全国高等教育自学考试延期至8月举行,考试是小明最讨厌的事情
159,1159,4,上海出租车网约车停运,上海出租车网约车停运,上海出租车网约车回复运营,上海出租车热线
160,546,2,上海虹口足球场成“集中隔离点”,上海虹口足球场成为了集中隔离点。,上海虹口足球场没有成为集中隔离点。,上海虹口足球场附近有攀岩活动
161,808,2,花桥收费站禁止车辆进入上海,上海花桥收费站禁止外来车辆进入。,花桥收费站没有禁止车辆进入上海。,花桥收费站的收费标准日益增加。
162,924,2,坚持少量多次饮60℃的开水可杀死病毒,少量多次饮用60℃的开水可以杀死病毒。,坚持少量多次饮用60℃的开水，不可以杀死病毒。,开水可以杀灭细菌。
163,251,1,网传深圳中小学生5月11日和18日分批返校,深圳中小学可能在5月11日和18日分批返校。,深圳中学小学生可能不会在5月11日和5月18日分批返校。,深圳中小学可能在9月中旬去上海春游
164,318,4,狮山镇罗村下柏出现聚集性感染新冠肺炎病例,狮山镇罗村下柏出现聚集性感染新冠肺炎病例,狮山镇罗村下柏没有出现聚集性感染新冠肺炎病例,狮山镇罗村是自驾游的好去处
165,62,1,天津王顶堤批发市场检出十几个新冠病毒携带者,十几个新冠病毒携带者，在天津王鼎批发市场被发现。,天津网警批发市场没有出现新冠病毒携带者。,天津王鼎批发市场物廉价美。
166,954,9,第一例新冠肺炎患者来自美国,是美国来的第一例新冠肺炎患者,第一例新冠肺炎患者不是来自美国,"美国彻底陷入混乱,多地爆发激烈交火,官员淡定回应:这就是生活"
167,1010,5,电吹风对手和面部吹 30 秒能消毒,手和面部被电吹风吹了30秒能消毒,电吹风对手和面部吹30秒不能消毒,负离子电吹风对头发发质有帮助
168,1049,1,病毒会存在手机和电梯按键上,手机和电梯按键上可能会存在病毒。,病毒不会存在在手机和电梯按键上。,手机和电梯按键通常有大量细菌。
169,370,2,湖北健康码会泄露手机信息,手机信息在湖北省通过健康码泄露。,湖北省健康码不会泄露手机信息。,现在进大学校园都需要查手机上的健康码。
170,1026,8,比口罩更重要的是手套,手套比口罩更重要,比口罩更重要的不是手套,这款手套最终会让你接触VR中的东西吗?
171,502,6,连云港东海某小区出现输入性新冠肺炎患者,输入性新冠肺炎患者出现在连云港东海某小区,连云港东海某小区没有出现输入性新冠肺炎患者,连云港智慧护栏列入住建部科技示范工程!
172,304,4,沭阳县食盐储备库存充足,沭阳县食盐储备库存充足,沭阳县食盐储备库存不充足,海南省出台食盐储备管理办法
173,815,4,私人邮寄口罩被海关征用,私人邮寄口罩被海关征用,私人邮寄口罩不会被海关征用,私人邮寄口罩凭啥被海关征用
174,907,7,温州顺丰快递查出四例新冠肺炎所有人隔离,四例新冠肺炎在温州顺丰快递被查出所有人隔离,温州顺丰快递没有查出四例新冠肺炎所有人隔离,顺丰速运中转枢纽:最高日处理能力150万件
175,755,4,所有返京人员到京后均应观察14天！,所有返京人员到京后均应观察14,不是所有返京人员到京后均应观察14天,返京人员是回北京的人员
176,180,9,泰安一医院因出现新冠肺炎病例病房楼封闭,泰安一医院病房楼由于出现新冠肺炎病例封闭,泰安一医院没有因出现新冠肺炎病例病房楼封闭,大胆创新勇于实践!泰安体教融合走出新路子
177,702,3,唐山市政府最新消息,唐山市政府有最新消息,唐山市政府没有最新消息,唐山市曾经发生过大地震g
178,59,9,北京突发公共卫生事件应急响应级别上调为二级,突发公共卫生事件应急响应级别在北京被上调为二级,北京突发公共卫生事件应急响应级别没有上调为二级,"坠毁事件16天后,台军F5复飞"
179,479,6,湖北黄梅外出务工人员18日到车站集中上车,外出务工人员在湖北黄梅到车站集中上车,湖北黄梅外出务工人员没有18日到车站集中上车,黄梅推行“四岗”管理 筑牢下沉服务平台
180,656,9,北京新冠肺炎病例不包括外地人,外地人不被北京新冠肺炎病例包括,北京新冠肺炎病例包括外地人,"外地人又开始大举来临桂买房了,本地人还无动于衷?"
181,190,1,武汉实验室“失误证据”被外媒公开,外媒公开了武汉实验室失误证据,外媒没有公开武汉实验室实物证据。,外媒报道了特朗普上台的最新消息
182,545,1,网传大庆肇州县第二中学部分年级3月15号开学,网络上有传言说大庆肇州县第二中学，部分年级3月15日开学。,大庆肇州县第二中学部分年级3月15日不开学。,大庆肇州县第二中学王晓明同学荣获该县科创比赛第1名。
183,1148,8,北京为防控疫情将封城,为防控疫情北京将封城,北京为防控疫情不会封城,"初中生近视防控注意事项来了,师生家长看过来"
184,762,7,大庆未带通行证出行将被集中隔离,未带通行证出行在大庆将被集中隔离,大庆未带通行证出行将不被集中隔离,"23日,大庆东城水库、萨尔图机场计划停电10小时!"
185,1023,2,新冠病毒可以通过蚊虫叮咬传播,蚊虫叮咬可以传播新冠病毒。,新冠病毒不会通过蚊虫叮咬传播。,蚊虫叮咬可以传播多种病毒。
186,1115,2,家畜家禽海鲜都不能吃了,我们不能再吃家禽家畜海鲜了。,可以吃家禽，家畜，海鲜。,海鲜的味道很肥美。
187,291,7,丹阳六中出现学生无症状感染者,无症状感染者出现在丹阳六中,丹阳六中没有出现学生无症状感染者,湖北潜江无症状感染者同车厢46名密切接触者核酸阴性
188,933,5,湘雅医院搭帐篷腾3000床位接收武汉来长沙病人,武汉来长沙病人被湘雅医院搭帐篷腾3000床位接收,湘雅医院搭帐篷没有腾3000床位接收武汉来长沙病人,神经内分泌肿瘤“躲猫猫” 湘雅专家运用这项技术揪出“真凶”
189,918,3,武汉市第一医院急诊科医护人员集体放假,武汉市第一医院急诊科医护的人员集体放假,武汉市第一医院所有医护人员集体放假,武汉市医护人员在疫情冲在防疫第一线
190,915,9,武汉5日凌晨开展雾炮车消毒,雾炮车消毒在武汉5日凌晨被开展,武汉5日凌晨没有开展雾炮车消毒,东风5吨雾炮洒水车报价|10吨雾炮车价格多少钱一辆
191,430,2,西班牙要撤侨早登记早登机,西班牙要撤侨。,西班牙没有要撤侨。,我们可以通过飞机去西班牙。
192,311,4,浠水县5路公交一司机确诊新冠肺炎,浠水县5路公交一司机确诊新冠肺炎,浠水县5路公交一司机确诊新冠肺炎是没有的事,公交车的司机是开公交车的人
193,1101,3,不要收现金会感染新冠病毒,现金可能会传染新冠病毒。,不收现金不会感染新冠病。,现在人们使用现金的频率降低了。
194,619,9,对车轱辘鞋底快递外卖包装也要经常消毒,消毒应经常对车轱辘鞋底快递外卖包装进行,对车轱辘鞋底快递外卖包装不要经常消毒,"车轱辘大的钱币,惨遭遗弃,如今得以重见天日"
195,312,7,武汉要发消费券,消费券会被武汉发出来,武汉不要发消费券,"所有在郑小伙伴,千万消费券最终季开启,每人可领5张"
196,664,1,喷洒消毒剂有可能诱发哮喘,哮喘的诱因可能是喷洒消毒剂。,喷洒消毒剂没有可能诱发哮喘。,喷洒消毒剂可以阻止新冠病毒的传播。
197,88,6,打工男子恶意将新冠病毒从湖北带回河南安阳,新冠病毒被打工男子恶意从湖北带回河南安阳,没有打工男子恶意将新冠病毒从湖北带回河南安阳,"梦想成真!“不可能打工”男子成电动车公司联合创始人,曾多次入狱"
198,319,3,无症状感染者是新冠病毒后期的特征,新冠病毒后期的特征是无症状感染,无症状感染者不是新冠病毒后期的特征,出现无症状感染者
199,966,3,新冠病毒会通过皮肤侵入人体,新冠病毒会通过皮肤侵入人体,新冠病毒不会通过皮肤侵入人体,完好皮肤可以防止病毒入侵
200,970,2,地铁票会传播新冠病毒,新冠病毒可能会通过地铁票传播。,地铁票不会传播新冠病毒。,地铁票上携带有大量细菌。
201,1074,8,吃抗生素可以预防新冠病毒,新冠病毒可以被吃抗生素预防,吃抗生素不可以预防新冠病毒,"这个广谱抗生素用错可致死!这些注意事项,所有医师都应掌握!"
202,641,6,洋葱可以吸附新冠病毒,新冠病毒可以被洋葱吸附,洋葱不可以吸附新冠病毒,发芽的洋葱能吃吗
203,822,2,板蓝根+熏醋可以预防新型冠状病毒,新冠病毒可以通过板蓝根和熏醋来预防。,板蓝根和熏醋没有预防新冠病毒的功能。,板蓝根可在各大药店购买？
204,862,2,吃保健品可以预防新型冠状病毒,新冠病毒可以通过吃保健品来预防。,吃保健品不能预防新冠病毒。,保健品不适合少儿饮用。
205,816,1,喝乳铁蛋白能抑制新型冠状病毒,新冠病毒可以通过喝乳铁蛋白来抑制。,喝乳铁蛋白不能抑制新冠病毒。,乳铁蛋白好喝吗？
206,235,1,量子共振仪可准确检测新冠病毒,新冠病毒可以通过量子共振仪来检测。,新冠病毒不可以通过量子共振仪来检测。,量子共振仪很高级。
207,1068,1,桑拿、汗蒸能预防新冠病毒,新冠病毒可以通过桑拿、汗蒸来预防,新冠病毒不可以通过桑拿、汗蒸来预防,桑拿汗蒸很舒服
208,814,2,晒太阳可以杀灭新型冠状病毒,新冠病毒可以通过晒太阳杀灭。,晒太阳不可以杀灭新型冠状病毒。,晒太阳可以增进钙的吸收。
209,1036,3,双黄连可以预防新冠病毒,新冠病毒可以通过双黄连来预防,双黄连不可以用来预防新冠病毒,双黄连可以在药店购买
210,435,1,室温越高越可以预防新冠肺炎,新冠病毒可以通过提高室温来预防。,新冠病毒不可以通过提高室温来预防。,提高室温可能会引起一些呼吸道疾病。
211,1066,3,熏醋可以预防新冠病毒,新冠病毒可以通过熏醋来预防。,熏醋不可以预防新冠病毒,熏醋不可以食用。
212,1051,6,紫外线消毒灯能杀灭新冠病毒,新冠病毒能被紫外线消毒灯杀灭,紫外线消毒灯不能杀灭新冠病毒,"杀菌消毒,紫外线消毒灯真的“全能”吗?"
213,609,3,新冠病毒试剂盒有自测版,新冠病毒试剂盒有自测版,新冠病毒试剂盒目前没有自测版,新冠病毒试剂盒已经推向市场
214,29,1,霞山东风市场三文鱼店查出冠状病毒,新冠病毒在霞山东风市场三文鱼店被查出。,霞山东风市场三文鱼店没有查出新冠病毒。,三文鱼很好吃。
215,27,9,河南居民感染新冠肺炎,新冠肺炎被河南居民感染,河南居民没有感染新冠肺炎,河南组团进京揽才 一天6.8万人“线上赴约”
216,474,8,在英留学生感染新冠肺炎死亡,新冠肺炎被在英留学生感染并死亡,在英留学生没有感染新冠肺炎死亡,巴西新冠肺炎确诊病例近585万 部分城市疫情呈上升态势
217,935,7,双黄连可预防新冠肺炎感染,新冠肺炎感染可由双黄连预防,双黄连不可预防新冠肺炎感染,注射用血塞通、舒血宁注射液、双黄连注射液入围中药大品种名单
218,728,8,中医药治疗新冠肺炎有效,新冠肺炎可被中医药有效治疗,中医药治疗新冠肺炎无效,专家:与时俱进传承发展好中医药
219,979,3,精油芳疗可以预防新冠肺炎,新冠肺炎可以通过精油芳疗来预防,精油芳疗不可以预防新冠肺炎,精油芳疗的内容可通过百度查询
220,499,6,淡水鱼能传播新冠肺炎,新冠肺炎能被淡水鱼传播,淡水鱼不能传播新冠肺炎,"淡水鱼没法在海水里存活,黄河每天大量鱼进入大海,鱼都去哪了?"
221,231,5,南通市老年康复医院收治新冠肺炎确诊病例,新冠肺炎确诊病例在南通市老年康复医院被收治,南通市老年康复医院没有收治新冠肺炎确诊病例,残疾儿童康复为“折翼天使”装上新“翅膀”
222,300,5,冷水江欧某某为新冠肺炎确诊患者,新冠肺炎确诊患者有冷水江欧某某,冷水江欧某某不是新冠肺炎确诊患者,产业“星火”点亮致富路——冷水江市大力推进产业扶贫工作综述
223,977,7,磷酸氯喹是新冠肺炎特效药,新冠肺炎特效药有磷酸氯喹,磷酸氯喹不是新冠肺炎特效药,磷酸氯喹获一致推荐 多家公司复产
224,227,5,中国隐瞒新冠肺炎疫情,新冠肺炎疫情被中国隐瞒,中国没有隐瞒新冠肺炎疫情,新冠肺炎一般指新型冠状病毒肺炎
225,246,9,武汉籍确诊患者在江西多地传播新冠肺炎,新冠肺炎在江西多地被传播由于武汉籍确诊患者,武汉籍确诊患者没有在江西多地传播新冠肺炎,工资涨了、队伍新了……武汉出的“新办法”令社区工作者动力十足!
226,261,1,常德桥南一KTV发现新冠肺炎疑似病例,新冠疑似病例在常德桥南1KTV发现。,常德桥南1KTV没有出现新冠疑似病例。,常德桥南一KTV出现大神唱歌扰民现象。
227,830,7,吃辣椒能降低新型冠状病毒肺炎死亡风险,新型冠状病毒肺炎死亡风险能因吃辣椒降低,吃辣椒不能降低新型冠状病毒肺炎死亡风险,"辣椒炒肉这样做才好吃,步骤简单,没下过厨房的也能做成功!"
228,811,2,吸新冠肺炎患者二手烟会传染,新型冠状病毒可能会通过二手烟传播。,吸新型肺炎患者的二手烟不会被传染。,吸二手烟不利于健康。
229,768,1,雄黄可以杀死新型冠状病毒,新型冠状病毒可以通过雄黄杀死,雄黄不可以杀死新型冠状病毒,雄黄可以驱邪
230,823,8,吃维C能预防感染新型冠状病毒,新型冠状病毒能被吃维C预防,吃维C不能预防感染新型冠状病毒,"维C好处多,那么是不是补得越多越好呢?"
231,362,5,浙江诸暨发现5例新冠肺炎确诊病例,新增5例新冠肺炎确诊病例发生在浙江诸暨,浙江诸暨没有发现5例新冠肺炎确诊病例,提前完成!覆盖192个村!这个工程每个诸暨人都关心
232,1124,5,不吃野味就不会被感染,野味不被吃就不会被感染,不吃野味就会被感染,"李时珍早已说出吃野味真相,他认为野生动物是生态环境的重要组成部分"
233,429,7,湘潭发现一例从泰国回来的新冠肺炎患者,一例从泰国回来的新冠肺炎患者在湘潭被发现,湘潭没有发现一例从泰国回来的新冠肺炎患者,广东、浙江、云南等22个省份游客有望不需隔离入境泰国
234,410,5,天门市南火车站又出现一例新冠肺炎确诊病例,一例新冠肺炎确诊病例出现在天门市南火车,天门市南火车站没有出现一例新冠肺炎确诊病例,天门市社会治理综合服务中心成立
235,612,6,北京望京大西洋新城社区一名韩国人确诊新冠肺炎,一名韩国人确诊新冠肺炎发生在北京望京大西洋新城社区,北京望京大西洋新城社区一名韩国人没有确诊新冠肺炎,"望京区域的“发家史”,点燃了多少买房人心中的“痛”"
236,571,7,山东特殊困难群众临时纳入医保扶贫范围,医保扶贫范围临时纳入山东特殊困难群众,山东特殊困难群众没有临时纳入医保扶贫范围,河南省医保局:正积极建议将治疗戈谢病等罕见病的药纳入医保
237,737,8,被感染隔离的9月大宝宝向医生求抱抱,医生被感染隔离的9月大宝宝求抱抱,被感染隔离的9月大宝宝并没有向医生求抱抱,白岩松谈医生术后喝葡萄糖水争议:这种质疑不含关切甚至冷酷无情
238,635,5,深圳没派医生护士支援前线,医生护士没被深圳派去支援前线,深圳派了医生护士支援前线,全方位讲述先行示范的深圳故事
239,307,7,哈医大附属第一医院医生感染耳鼻喉科封科,医生在哈医大附属第一医院感染耳鼻喉科封科,哈医大附属第一医院医生没有感染耳鼻喉科没有封科,英国臭名昭著的连环杀手感染新冠后死亡
240,151,1,朝阳市发现确诊病例和疑似病例,疑似病例和确诊病例在朝阳市被发现。,朝阳市没有发现确诊病例和疑似病例。,朝阳市交通委提醒您开车需注意安全。
241,290,7,重庆渝中区朝天门出现疑似病例,疑似病例在重庆渝中区朝天门出现,重庆渝中区朝天门没有出现疑似病例,马炬任中共内江市市中区委书记
242,586,3,疫情期间吃得越补越好,疫情期间吃得越补越好,疫情期间不是吃得越补越好,小明的爷爷说吃得越补越好
243,493,3,疫情期间吃水果必须削皮,疫情期间吃水果一定要削皮,疫情期间吃水果可以不削皮,吃水果削皮是大多数人的选择
244,1142,3,山西高速因疫情封闭,疫情期间山西高速封闭,山西高速没有因为疫情封闭,山西高速的建设给山西带来跟更多的发展机会
245,82,3,中外关系因疫情变消极,疫情使中外关系变得消极,中外关系没有因疫情而变消极,中外关系是学习外交的重要内容
246,637,8,钟南山疫情首先出现在中国但不一定发源在中国,疫情首先出现在中国但不一定发源在中国据钟南山说,钟南山疫情首先出现在中国而且发源在中国,人类起源之谜:非洲确实是人类的发源地
247,809,2,上海陕西北路海防路菜场发现疫情,疫情在上海陕西北路发现。,上海市陕西北路菜场没有发现疫情。,王大妈经常在上海市陕西北路菜场买菜。
248,481,8,湖北襄阳现意大利空降病例,意大利空降病例出现在湖北襄阳,湖北襄阳没有现意大利空降病例,襄阳发布万元悬赏!
249,444,9,国足因北京拒绝落地而滞留迪拜,因北京拒绝落地国足滞留迪拜,国足不是因北京拒绝落地而滞留迪拜,"全网都在“炫宿舍”,中国简单,迪拜豪华,印度的少女心十足"
250,135,9,全国停办因私护照,因私护照在全国停办,全国没有停办因私护照,驻韩国使馆发布关于增加开放护照预约名额的通知
251,202,6,外地游客因新冠病毒感染在重庆渝中死亡,因新冠病毒感染在重庆渝中死亡发生在外地游客身上,没有外地游客因新冠病毒感染在重庆渝中死亡,重庆:川渝两地实现户口网上迁移一站式办理
252,964,8,体温枪伤眼造成永久伤害,永久伤害会被体温枪伤眼造成,体温枪伤眼不会造成永久伤害,男子以售卖体温枪为名实施诈骗被政和警方抓获
253,898,2,口罩用过要剪掉,用过的口罩要剪掉。,口罩用过，没有必要剪掉。,口罩可以预防新冠病毒的传播。
254,987,8,别吃鱼某地有 121 个鱼塘感染,有 121 个鱼塘感染在某地被感染,吃鱼某地没有 121 个鱼塘感染,江苏常熟:男子在鱼塘垂钓溺亡 法院为何判决鱼塘老板无责?
255,974,5,温州确诊病例有 40% 是变异病毒,有 40% 是变异病毒在温州确诊病例中,温州确诊病例没有 40% 是变异病毒,"温州海外商界大佬,因新冠去世"
256,1044,9,别吃鱼某地有121个鱼塘感染,有121个鱼塘在某地被感染别吃鱼,吃鱼某地没有121个鱼塘感染,"“准鹿王”落单滑入鱼塘,怎么也爬不上岸"
257,725,6,桂林市临桂区某小区有6名传销人员确诊,有6名传销人员确诊发生在桂林市临桂区某小区,桂林市临桂区某小区没有6名传销人员确诊,"惊险!桂林一男子持斧四处游荡,还将斧头挥向民警"
258,129,7,邢台市桥西区一小学附近有确诊病例,有确诊病例在邢台市桥西区一小学附近,邢台市桥西区一小学附近没有确诊病例,河北邢台市襄都区:冰雪运动进校园
259,340,6,武汉大智路数码港有无症状病人倒地,有无症状病人倒地发生在武汉大智路数码港,武汉大智路数码港没有无症状病人倒地,武汉:3份进口牛肉标本检出新冠病毒
260,407,9,中国援菲检测试剂盒有质量问题,有质量问题在中国援菲检测试剂盒,中国援菲检测试剂盒没有质量问题,菲律宾马尼拉市长莫雷诺考察中国援菲大桥项目
261,289,2,目前已有专门预防和治疗新冠病毒感染的药物,有专门预防和治疗新冠病毒的药物产生。,目前没有专门预防和治疗新冠病毒的药物。,治疗新冠病毒的药物还在研究中。
262,729,7,新冠肺炎治疗药物于2月15日获批上市,于2月15日新冠肺炎治疗药物获批上市,没有新冠肺炎治疗药物于2月15日获批上市,18岁女孩患血癌 70万治疗费难凑齐
263,1127,5,吸烟就能预防病毒,预防病毒可以靠吸烟,吸烟不能预防病毒,吸烟有危害，不仅仅危害人体健康，还会对社会产生不良的影响
264,857,5,吸烟能够预防新型冠状病毒感染,预防新型冠状病毒感染的方法有吸烟,吸烟不能够预防新型冠状病毒感染,大连一男子在公交车上吸烟 还和司机相谈甚欢
265,192,7,河北衡水民办初高中将在5月末全部开学,在5月末河北衡水民办初高中将全部开学,河北衡水民办初高中不会在5月末全部开学,河北衡水市民政局公开承诺落实情况
266,901,9,70个湖北人在苏州跳高速路口栅栏逃了,在苏州跳高速路口有70个湖北人栅栏逃了,70个湖北人在苏州没有跳高速路口栅栏逃,"湖北人的钱,都花在了这里!"
267,523,4,张家界市疫情期间违章可免分,张家界市疫情期间违章可免分,张家界市疫情期间违章不可免分,张家界是旅游圣地
268,148,1,吉林市舒兰市上千人流动至长春,长春有来自吉林市舒兰市的上千人流入,吉林市舒兰市有很少人流动至长春。,春节期间长春火车站一票难求
269,140,3,长春有一吉林密切接触者逃跑失踪,长春有一吉林密切接触患者的人逃跑失踪,长春没有与吉林密切接触者逃跑失踪,长春和吉林都有火车站
270,622,2,长沙推迟到4月20日复课,长沙4月20日复课。,长沙没有推迟到4月20日复课。,我寒假准备去长沙旅游。
271,794,1,长沙地铁2号线发生疫情启动隔离,长沙地铁2号长沙地铁2号线因有疫情而启动隔离。,长沙地铁2号线没有疫情，没有启动隔离。,长沙地铁2号线客流量巨大
272,12,4,长沙航班顺丰货机检查出新冠病毒,长沙航班顺丰货机检查出新冠病毒,长沙航班顺丰货机没有检查出新冠病毒,shy准备寒假和朋友去长沙玩
273,788,1,用火烧不着的一次性医用口罩是正品,正品医用口罩用火烧不着,正品医用口罩可以用火烧着,正品医用口罩很好用
274,810,1,钟南山发布喝单枞茶吃草莓可防新型肺炎,钟南山发布新型肺炎可以通过喝单枞茶吃草莓预防,钟南山没有发布新型肺炎可以通过喝单枞茶吃草莓预防,吃草莓可以减肥
275,706,8,重庆开州一商家在某广场免费发放口罩,重庆开州口罩被一商家在某广场免费发放,重庆开州一商家在某广场没有免费发放口罩,重庆开州:特色中药材种出“脱贫良方”
276,379,5,疫情影响重庆粮油供应,重庆粮油供应受疫情影响,疫情没有影响重庆粮油供应,项目金额总计达63亿元 第三届山东粮油产业博览会成功举办
277,761,9,受疫情影响重庆主城区从13日起暂停猪肉供应,猪肉供应被暂停受疫情影响重庆主城区从13日起,受疫情影响重庆主城区没有从13日起暂停猪肉供应,一手资料内部曝光!主城热门板块”网红大盘售楼处将开
278,28,8,南昌自来水加大氯气注入 需静置两小时以上再用,自来水氯气注入被加大在南昌 需静置两小时以上再用,南昌自来水没有加大氯气注入 无需静置两小时以上再用,氯气的真面目
279,686,1,疫苗最快4月下旬申报临床试验,最快在4月下旬出疫苗的申报临床报告,疫苗4月下旬不能出申报临床试验,新生儿需要注射疫苗
280,886,6,南京自来水氯气消毒已用最上限标准,最上限标准已被使用在南京自来水氯气消毒,南京自来水氯气消毒没有用最上限标准,熊孩子将两种消毒液混合 致4人氯气中毒1人死亡
